mysql> select * from tekija;
+----------+------------------+
| idTekija | Nimi             |
+----------+------------------+
|        1 | Seppo Haltsonen  |
|        2 | Jaakko LevomÃ¤ki  |
|        3 | Esko T. Rautanen |
+----------+------------------+
3 rows in set (0.00 sec)

mysql> select * from teos;
+--------+--------------------+----------+----------+
| idTeos | Nimi               | Hyllyssa | Lainassa |
+--------+--------------------+----------+----------+
|      1 | Digitaalitekniikka |        1 |        1 |
+--------+--------------------+----------+----------+
1 row in set (0.00 sec)

mysql> select * from kirja;
+---------+----------+-------+------------+-------------+-------------------+
| idKirja | Lainattu | Hylly | Painos     | Teos_idTeos | lainaus_idlainaus |
+---------+----------+-------+------------+-------------+-------------------+
|       2 | Y        | NULL  | 2013-01-01 |           1 |                 1 |
|       3 | N        | NULL  | 2013-01-01 |           1 |              NULL |
+---------+----------+-------+------------+-------------+-------------------+
2 rows in set (0.00 sec)

select * from lainaus;
+-----------+------------+-------------+-------------------+
| idLainaus | lainauspvm | palautuspvm | Asiakas_idAsiakas |
+-----------+------------+-------------+-------------------+
|         1 | 2015-03-04 | 2015-04-04  |                 1 |
+-----------+------------+-------------+-------------------+
1 row in set (0.00 sec)